marmoset	Aayla
marmoset	Astra
marmoset	Baltoy
marmoset	Bee
marmoset	Brook
marmoset	Cabot
marmoset	Callisto
marmoset	Carter
marmoset	Caspian
marmoset	Cheese
marmoset	Churro
marmoset	Dax
marmoset	Donut
marmoset	Dusty
marmoset	Edna
marmoset	Ezra
marmoset	Feta
marmoset	Filo
marmoset	Flan
marmoset	Glikk
marmoset	Helios
marmoset	Hooper
marmoset	Kenai
marmoset	Kylo
marmoset	Lars
marmoset	Lemon
marmoset	Mandarin
marmoset	Mara
marmoset	Meli
marmoset	Nathanial
marmoset	Perses
marmoset	Piglet
marmoset	Pomelo
marmoset	Poseidon
marmoset	Pug
marmoset	Quan
marmoset	Ravioli
marmoset	Rey
marmoset	River
marmoset	Solange
marmoset	Spanakopita
marmoset	Stanley
marmoset	Tahini
marmoset	Taquito
marmoset	Tortellini
marmoset	Tzatziki
marmoset	Watson
marmoset	Yertle
marmoset	Yuzu
mouse	F1-UM
mouse	F10-UM
mouse	F11-UM
mouse	F12-UM
mouse	F13-UM
mouse	F14-UM
mouse	F15-UM
mouse	F16-UM
mouse	F17-UM
mouse	F18-UM
mouse	F19-UM
mouse	F2-UM
mouse	F20-UM
mouse	F21-UM
mouse	F22-UM
mouse	F23-UM
mouse	F24-UM
mouse	F25-UM
mouse	F26-UM
mouse	F27-UM
mouse	F28-UM
mouse	F29-UM
mouse	F3-UM
mouse	F30-UM
mouse	F31-UM
mouse	F32-UM
mouse	F33-UM
mouse	F34-UM
mouse	F35-UM
mouse	F4-UM
mouse	F5-UM
mouse	F6-UM
mouse	F7-UM
mouse	F8-UM
mouse	F9-UM
mouse	M1-UM
mouse	M10-UM
mouse	M11-UM
mouse	M12-UM
mouse	M13-UM
mouse	M14-UM
mouse	M15-UM
mouse	M16-UM
mouse	M17-UM
mouse	M18-UM
mouse	M19-UM
mouse	M2-UM
mouse	M20-UM
mouse	M21-UM
mouse	M22-UM
mouse	M23-UM
mouse	M24-UM
mouse	M25-UM
mouse	M26-UM
mouse	M27-UM
mouse	M28-UM
mouse	M29-UM
mouse	M3-UM
mouse	M30-UM
mouse	M31-UM
mouse	M32-UM
mouse	M33-UM
mouse	M34-UM
mouse	M35-UM
mouse	M4-UM
mouse	M5-UM
mouse	M6-UM
mouse	M7-UM
mouse	M8-UM
mouse	M9-UM
