human	06dlfcwmxq
human	0kqjzfd3dj
human	0ptivsg5b2
human	12mnz7v1j2
human	1w7ea2mx9q
human	21nocozds5
human	23egyejjn6
human	24bmf2iyjb
human	2ny9x4qnmt
human	2wgr8g8h60
human	3815x7b13i
human	3clpjmguq3
human	3h2sr886cv
human	3vkr7nwdfl
human	3yzvkw5451
human	41xla1hod8
human	42aselh3ez
human	4komtxheeg
human	4lz0lqd7gh
human	4pxlv888fc
human	4qa5pl8757
human	4s15lfvw78
human	4sxo2acc5z
human	4va57xt7zm
human	4wxijuqwpo
human	4zeijzywfh
human	5f7e84y4jo
human	5h5xpfjdp4
human	5ntrpyb5pt
human	64jd11mnic
human	69jyg8c90r
human	6ee364kfra
human	6nlv0jxm87
human	6ymxc7aeid
human	6ypyj2zz39
human	6zp02dx73v
human	70ix0n1qok
human	72sq0ah8qk
human	75kh2ijbqm
human	769e7z99oo
human	7atbrcnhzs
human	7hz40cj4o8
human	7k631op0qy
human	7v788xe79g
human	7z25xqze3z
human	80ms3d36tt
human	88mfbf5kyn
human	8cf93c0trn
human	8nl34knc9w
human	8x20pkrxoz
human	8yjgkec2wa
human	90acoc9v19
human	98c1lfk4zo
human	9fiwtdpoph
human	9m6z91qd4l
human	9pke2x4yyr
human	9sk3mbfjij
human	a16bhkdt5r
human	a3482o1qj5
human	a5jjtl5y7d
human	a8tazmxrhf
human	aa8akxy17g
human	acqpzvh64g
human	ap7tvo18l4
human	aurc5xjn6d
human	azjdw888x7
human	b0qxsq1ilv
human	b1qcdedghc
human	b2i2qy6rh4
human	b440xl360e
human	bmnfxfepgi
human	c22239gdkc
human	c7rw64443h
human	chyo1g499b
human	csdrik001g
human	csk9glutsa
human	cweadfj1rt
human	d39zlcds79
human	d9vu49gk7o
human	detaivgnz8
human	dh2xykyhk7
human	dmapfm0bk8
human	dmfocf0oig
human	dpgk6xl7mn
human	dumm9xdq0z
human	dzp74evk7w
human	e2xqnrawgj
human	e6vf4j6izo
human	e7tzclz44n
human	enpg00qkmd
human	evadf8iln6
human	exxbs172bk
human	f1lxfz6xsl
human	ff72y2ye6e
human	ffoiaj2l1m
human	ffvt5k3d2j
human	fk8szybwg9
human	fonzsyrw01
human	fqglre3jj1
human	ftymn6czzt
human	fygijh647j
human	g10178sdpz
human	g25zfid9cc
human	g3fhq4r6zq
human	g4y2rcnh5i
human	g5zkdfl5i1
human	gb3xpeik58
human	gj6rsasv6u
human	gov3zhxrsv
human	gxy9tgn3pq
human	h0fle3uzjc
human	h6p8tmz7ad
human	hbsqv2hcel
human	hc6wict412
human	hm9vjevdo9
human	i01qtxyc18
human	i6s3yvxdn6
human	iac4tyatly
human	ielahnxefl
human	imfqfkmncl
human	inlta12apx
human	iyig31xg6m
human	j2dwuwpn6o
human	j5r5u7vd2p
human	jban7qgnle
human	jdujnwpyav
human	je34oea6s8
human	jhfc3y1y8z
human	jjux64ebmb
human	jnj9huvdk9
human	js7p0oh5yq
human	jwflz6fzl0
human	k0dqc32wa6
human	k4isxxa723
human	k6qfavzc7z
human	kfysd7fdoo
human	kiby2uprek
human	knmw3q62ug
human	ktk2hit7bo
human	kuoximopyu
human	kvgybtqpcg
human	kvj570ek44
human	kzi27eulat
human	l37oydgo9t
human	l8a47yv1e5
human	lspfcz0qay
human	mwawonfuz3
human	n9gtvegxcd
human	ndsj3eleit
human	nf08h3tfkq
human	nold1v7q2d
human	np4oika9y5
human	nvzpegvleo
human	oa1a8xtvru
human	ok0ff7d31r
human	ow6ttjc157
human	pc01xrc8yx
human	pcbzxgns62
human	pq6b8tqmd3
human	pqqhmguuxv
human	q6jncynu58
human	qoy5b33n99
human	qu6u4ukb1r
human	r41lz9ixbq
human	rlzo4yzqxp
human	rr2wb20o29
human	rwcc43eyz8
human	s04wj0v83r
human	s4526w939s
human	sa4s0ksfih
human	sj1e9rjoot
human	sqp0yqhzh2
human	srpdo4m49x
human	suo91qhnkr
human	sy46hoan9u
human	t9mk63an47
human	teza8klw9p
human	tff8mjbcm9
human	tfjakozn11
human	tga16nplhr
human	tifgik4hgu
human	tncjt1yhy4
human	trmzzysq30
human	tytvk1usfm
human	u55y1l5nj8
human	uarm6s7h8p
human	ue8ijyfo7y
human	unhwxt7pxy
human	v0b84gt09s
human	vc5a49f80z
human	vik1fmopc0
human	vqe8t67dmw
human	vspkdxth2n
human	vw5xmy1qvl
human	w1qvlkyg03
human	w8bfs8ffgy
human	wo4fjbzw4q
human	wpg3j6vj7f
human	wvtiascn5u
human	xb7670878z
human	xklvb9xkmc
human	xqqs6ye4w1
human	y8oazcnapm
human	y9jua8ku4k
human	ykq1w1z5qw
human	yl2tjpk1l0
human	yp6oil2hwb
human	ywhhoc8zu2
human	yz6bniklx0
human	yz6vud8hn2
human	z31e2yhn9d
human	z71fdsdqah
human	zdbi2z7p0u
human	zgimulalln
human	zidb5z7d7p
human	zln9n7kiy1
human	zvjugy5m28
human	zwovsxwmj0
